actual_write_seq,log_line,wall_time,label,raw_left_rpm,raw_right_rpm,forward_normalized_left_rpm,forward_normalized_right_rpm,base_rpm,yaw_rpm,evidence_capture_frame_id,cap_source,dispatch_log_line,dispatch_reason,feedback_forward_left_rpm,feedback_forward_right_rpm,feedback_body_rpm
1,9610,"2026-09-30 17:48:26,605",FOLLOW20,1,1,1,-1,0,1,655,visible_wheel_dispatch.evidence_capture_frame_id,9611,continuous,0,0,0
2,9642,"2026-09-30 17:48:26,673",FOLLOW20,0,0,0,0,0,0,658,visible_wheel_dispatch.evidence_capture_frame_id,9643,explicit_zero,0,0,0
3,9679,"2026-09-30 17:48:26,760",FOLLOW20,12,-8,12,8,10,2,658,visible_wheel_dispatch.evidence_capture_frame_id,9680,continuous,0,0,0
4,9702,"2026-09-30 17:48:26,823",FOLLOW20,0,0,0,0,0,0,658,visible_wheel_dispatch.evidence_capture_frame_id,9703,forward_loss_feedback_wait,39,0,19.5
5,9750,"2026-09-30 17:48:26,881",FOLLOW20,6,-6,6,6,6,0,662,visible_wheel_dispatch.evidence_capture_frame_id,9751,continuous,39,0,19.5
6,9765,"2026-09-30 17:48:26,927",FOLLOW20,6,-6,6,6,6,0,662,visible_wheel_dispatch.evidence_capture_frame_id,9766,continuous,0,0,0
7,9797,"2026-09-30 17:48:26,982",FOLLOW20,6,-6,6,6,6,0,665,visible_wheel_dispatch.evidence_capture_frame_id,9798,continuous,0,0,0
8,9857,"2026-09-30 17:48:27,120",FOLLOW20,38,-18,38,18,28,10,665,visible_wheel_dispatch.evidence_capture_frame_id,9858,continuous,0,0,0
9,9904,"2026-09-30 17:48:27,233",FOLLOW20_AUTHORITY_CHANGED,0,0,0,0,0,0,,,,,,,
10,9919,"2026-09-30 17:48:27,307",FOLLOW20,52,-32,52,32,42,10,667,visible_wheel_dispatch.evidence_capture_frame_id,9920,continuous,12,13,12.5
11,10004,"2026-09-30 17:48:27,448",FOLLOW_FINAL_AUTHORITY_CHANGED,0,0,0,0,0,0,,,,,,,
12,10032,"2026-09-30 17:48:27,564",FOLLOW20,34,-34,34,34,34,0,671,visible_wheel_dispatch.evidence_capture_frame_id,10034,final_base_coalesced,16,15,15.5
13,10073,"2026-09-30 17:48:27,647",FOLLOW20,26,-6,26,6,16,10,675,visible_wheel_dispatch.evidence_capture_frame_id,10074,continuous,23,11,17
14,10078,"2026-09-30 17:48:27,748",FOLLOW20,16,-16,16,16,16,0,675,visible_wheel_dispatch.evidence_capture_frame_id,10079,continuous,22,17,19.5
15,10136,"2026-09-30 17:48:27,820",FOLLOW20,40,-40,40,40,40,0,679,visible_wheel_dispatch.evidence_capture_frame_id,10137,continuous,22,11,16.5
16,10193,"2026-09-30 17:48:27,972",FOLLOW20,54,-34,54,34,44,10,683,visible_wheel_dispatch.evidence_capture_frame_id,10195,final_base_coalesced,20,14,17
17,10263,"2026-09-30 17:48:28,074",FOLLOW_FINAL_AUTHORITY_CHANGED,0,0,0,0,0,0,,,,,,,
18,10275,"2026-09-30 17:48:28,128",FOLLOW20,38,-38,38,38,38,0,683,visible_wheel_dispatch.evidence_capture_frame_id,10276,continuous,29,29,29
19,10317,"2026-09-30 17:48:28,236",FOLLOW_FINAL_AUTHORITY_CHANGED,0,0,0,0,0,0,,,,,,,
20,10337,"2026-09-30 17:48:28,299",FOLLOW20,44,-44,44,44,44,0,685,visible_wheel_dispatch.evidence_capture_frame_id,10338,continuous,40,32,36
21,10381,"2026-09-30 17:48:28,353",FOLLOW20,0,0,0,0,0,0,690,visible_wheel_dispatch.evidence_capture_frame_id,10382,forward_loss_feedback_wait,40,31,35.5
22,10396,"2026-09-30 17:48:28,434",FOLLOW20,46,-46,46,46,46,0,690,visible_wheel_dispatch.evidence_capture_frame_id,10397,continuous,27,18,22.5
23,10452,"2026-09-30 17:48:28,510",FOLLOW_FINAL_AUTHORITY_CHANGED,0,0,0,0,0,0,,,,,,,
24,10463,"2026-09-30 17:48:28,579",FOLLOW20,42,-42,42,42,42,0,693,visible_wheel_dispatch.evidence_capture_frame_id,10464,continuous,26,23,24.5
25,10506,"2026-09-30 17:48:28,657",FOLLOW20_AUTHORITY_CHANGED,0,0,0,0,0,0,,,,,,,
26,10546,"2026-09-30 17:48:28,737",FOLLOW20,42,-42,42,42,42,0,696,visible_wheel_dispatch.evidence_capture_frame_id,10547,continuous,12,9,10.5
27,10609,"2026-09-30 17:48:28,872",FOLLOW20_AUTHORITY_CHANGED,0,0,0,0,0,0,,,,,,,
28,10673,"2026-09-30 17:48:28,979",FOLLOW20,68,-68,68,68,68,0,702,visible_wheel_dispatch.evidence_capture_frame_id,10674,continuous,4,10,7
29,10728,"2026-09-30 17:48:29,110",FOLLOW_FINAL_AUTHORITY_CHANGED,0,0,0,0,0,0,,,,,,,
30,10774,"2026-09-30 17:48:29,199",FOLLOW20,75,-65,75,65,70,5,706,visible_wheel_dispatch.evidence_capture_frame_id,10776,final_base_coalesced,8,11,9.5
31,10835,"2026-09-30 17:48:29,337",FOLLOW20_AUTHORITY_CHANGED,0,0,0,0,0,0,,,,,,,
32,10888,"2026-09-30 17:48:29,476",FOLLOW20,60,-48,60,48,54,6,711,visible_wheel_dispatch.evidence_capture_frame_id,10890,final_base_coalesced,22,23,22.5
33,10911,"2026-09-30 17:48:29,522",FOLLOW20,52,-40,52,40,46,6,711,visible_wheel_dispatch.evidence_capture_frame_id,10912,continuous,27,27,27
34,10924,"2026-09-30 17:48:29,578",FOLLOW20,44,-44,44,44,44,0,711,visible_wheel_dispatch.evidence_capture_frame_id,10925,continuous,27,23,25
35,10930,"2026-09-30 17:48:29,641",FOLLOW_WRITE_DEADLINE_EXPIRED,0,0,0,0,0,0,,,,,,,
36,10975,"2026-09-30 17:48:29,703",FOLLOW20,42,-30,42,30,36,6,716,visible_wheel_dispatch.evidence_capture_frame_id,10976,continuous,27,28,27.5
37,11014,"2026-09-30 17:48:29,842",FOLLOW20_AUTHORITY_CHANGED,0,0,0,0,0,0,,,,,,,
38,11068,"2026-09-30 17:48:29,937",FOLLOW_FINAL_AUTHORITY_CHANGED,0,0,0,0,0,0,,,,,,,
39,11088,"2026-09-30 17:48:30,021",FOLLOW_FINAL_AUTHORITY_CHANGED,0,0,0,0,0,0,,,,,,,
40,11135,"2026-09-30 17:48:30,063",FOLLOW20,56,-56,56,56,56,0,724,visible_wheel_dispatch.evidence_capture_frame_id,11136,continuous,18,10,14
41,11147,"2026-09-30 17:48:30,092",FOLLOW20,54,-54,54,54,54,0,724,visible_wheel_dispatch.evidence_capture_frame_id,11148,continuous,13,12,12.5
42,11183,"2026-09-30 17:48:30,152",FOLLOW20,50,-50,50,50,50,0,724,visible_wheel_dispatch.evidence_capture_frame_id,11184,continuous,13,14,13.5
43,11241,"2026-09-30 17:48:30,294",FOLLOW20,60,-40,60,40,50,10,726,visible_wheel_dispatch.evidence_capture_frame_id,11243,final_base_coalesced,16,14,15
44,11321,"2026-09-30 17:48:30,484",FOLLOW_FINAL_AUTHORITY_CHANGED,0,0,0,0,0,0,,,,,,,
45,11335,"2026-09-30 17:48:30,562",FOLLOW20,58,-38,58,38,48,10,729,visible_wheel_dispatch.evidence_capture_frame_id,11337,final_base_coalesced,21,23,22
46,11360,"2026-09-30 17:48:30,660",FOLLOW20,0,0,0,0,0,0,729,visible_wheel_dispatch.evidence_capture_frame_id,11361,forward_loss_feedback_wait,34,27,30.5
47,11399,"2026-09-30 17:48:30,716",FOLLOW20,30,-30,30,30,30,0,734,visible_wheel_dispatch.evidence_capture_frame_id,11400,continuous,38,32,35
48,11407,"2026-09-30 17:48:30,808",FOLLOW20,30,-30,30,30,30,0,734,visible_wheel_dispatch.evidence_capture_frame_id,11408,continuous,42,27,34.5
49,11448,"2026-09-30 17:48:30,890",FOLLOW20,54,-54,54,54,54,0,739,visible_wheel_dispatch.evidence_capture_frame_id,11449,continuous,39,26,32.5
50,11479,"2026-09-30 17:48:30,952",FOLLOW20,52,-52,52,52,52,0,739,visible_wheel_dispatch.evidence_capture_frame_id,11480,continuous,34,32,33
51,11553,"2026-09-30 17:48:31,119",FOLLOW20,50,-50,50,50,50,0,742,visible_wheel_dispatch.evidence_capture_frame_id,11554,continuous,35,36,35.5
52,11621,"2026-09-30 17:48:31,226",FOLLOW20,0,0,0,0,0,0,744,visible_wheel_dispatch.evidence_capture_frame_id,11622,forward_loss_feedback_wait,40,50,45
53,11639,"2026-09-30 17:48:31,316",FOLLOW20,44,-44,44,44,44,0,744,visible_wheel_dispatch.evidence_capture_frame_id,11640,continuous,43,41,42
54,11650,"2026-09-30 17:48:31,385",FOLLOW20,44,-44,44,44,44,0,744,visible_wheel_dispatch.evidence_capture_frame_id,11651,continuous,42,37,39.5
55,11685,"2026-09-30 17:48:31,431",FOLLOW20,0,0,0,0,0,0,750,visible_wheel_dispatch.evidence_capture_frame_id,11686,forward_loss_feedback_wait,40,33,36.5
56,11713,"2026-09-30 17:48:31,531",FOLLOW20,44,-44,44,44,44,0,750,visible_wheel_dispatch.evidence_capture_frame_id,11714,continuous,39,33,36
57,11755,"2026-09-30 17:48:31,643",FOLLOW20,0,0,0,0,0,0,750,visible_wheel_dispatch.evidence_capture_frame_id,11756,forward_loss_feedback_wait,24,26,25
58,11789,"2026-09-30 17:48:31,720",FOLLOW20,32,-24,32,24,28,4,753,visible_wheel_dispatch.evidence_capture_frame_id,11790,continuous,27,27,27
59,11798,"2026-09-30 17:48:31,773",FOLLOW20,32,-24,32,24,28,4,753,visible_wheel_dispatch.evidence_capture_frame_id,11799,continuous,23,23,23
60,11842,"2026-09-30 17:48:31,836",FOLLOW20,28,-16,28,16,22,6,758,visible_wheel_dispatch.evidence_capture_frame_id,11843,continuous,20,18,19
61,11881,"2026-09-30 17:48:31,985",FOLLOW20,50,-50,50,50,50,0,758,visible_wheel_dispatch.evidence_capture_frame_id,11882,continuous,15,15,15
62,11890,"2026-09-30 17:48:32,036",FOLLOW20,50,-50,50,50,50,0,758,visible_wheel_dispatch.evidence_capture_frame_id,11891,continuous,23,15,19
63,11934,"2026-09-30 17:48:32,113",FOLLOW20,46,-46,46,46,46,0,760,visible_wheel_dispatch.evidence_capture_frame_id,11935,continuous,20,19,19.5
64,11944,"2026-09-30 17:48:32,152",FOLLOW20,38,-38,38,38,38,0,760,visible_wheel_dispatch.evidence_capture_frame_id,11945,continuous,21,31,26
65,11983,"2026-09-30 17:48:32,220",FOLLOW20,0,0,0,0,0,0,765,visible_wheel_dispatch.evidence_capture_frame_id,11984,forward_loss_feedback_wait,25,35,30
66,12002,"2026-09-30 17:48:32,335",FOLLOW20,40,-20,40,20,30,10,765,visible_wheel_dispatch.evidence_capture_frame_id,12003,continuous,34,31,32.5
67,12068,"2026-09-30 17:48:32,450",FOLLOW20,46,-46,46,46,46,0,768,visible_wheel_dispatch.evidence_capture_frame_id,12069,continuous,33,21,27
68,12073,"2026-09-30 17:48:32,474",FOLLOW20,44,-44,44,44,44,0,768,visible_wheel_dispatch.evidence_capture_frame_id,12074,continuous,29,21,25
69,12077,"2026-09-30 17:48:32,559",FOLLOW20,44,-44,44,44,44,0,768,visible_wheel_dispatch.evidence_capture_frame_id,12078,continuous,29,24,26.5
70,12118,"2026-09-30 17:48:32,614",FOLLOW20,42,-42,42,42,42,0,772,visible_wheel_dispatch.evidence_capture_frame_id,12119,continuous,32,28,30
71,12145,"2026-09-30 17:48:32,716",FOLLOW20,49,-35,49,35,42,7,772,visible_wheel_dispatch.evidence_capture_frame_id,12147,final_base_coalesced,33,29,31
72,12217,"2026-09-30 17:48:32,829",FOLLOW_FINAL_AUTHORITY_CHANGED,0,0,0,0,0,0,,,,,,,
73,12270,"2026-09-30 17:48:32,947",FOLLOW20_AUTHORITY_CHANGED,0,0,0,0,0,0,,,,,,,
74,12274,"2026-09-30 17:48:33,025",FOLLOW20,40,-40,40,40,40,0,778,visible_wheel_dispatch.evidence_capture_frame_id,12275,continuous,43,21,32
75,12343,"2026-09-30 17:48:33,120",FOLLOW20_AUTHORITY_CHANGED,0,0,0,0,0,0,,,,,,,
76,12347,"2026-09-30 17:48:33,167",FOLLOW20,38,-38,38,38,38,0,781,visible_wheel_dispatch.evidence_capture_frame_id,12348,continuous,29,26,27.5
77,12408,"2026-09-30 17:48:33,303",FOLLOW20,34,-34,34,34,34,0,785,visible_wheel_dispatch.evidence_capture_frame_id,12409,continuous,25,22,23.5
78,12499,"2026-09-30 17:48:33,465",FOLLOW20,38,-38,38,38,38,0,787,visible_wheel_dispatch.evidence_capture_frame_id,12500,continuous,22,23,22.5
79,12556,"2026-09-30 17:48:33,585",FOLLOW20,38,-38,38,38,38,0,790,visible_wheel_dispatch.evidence_capture_frame_id,12557,continuous,25,32,28.5
80,12610,"2026-09-30 17:48:33,680",FOLLOW20,36,-36,36,36,36,0,793,visible_wheel_dispatch.evidence_capture_frame_id,12611,continuous,33,32,32.5
81,12650,"2026-09-30 17:48:33,768",FOLLOW20,0,0,0,0,0,0,793,visible_wheel_dispatch.evidence_capture_frame_id,12651,forward_loss_feedback_wait,44,42,43
82,12662,"2026-09-30 17:48:33,824",FOLLOW20,0,0,0,0,0,0,793,visible_wheel_dispatch.evidence_capture_frame_id,12663,forward_loss_decelerating,46,42,44
83,12721,"2026-09-30 17:48:33,887",FOLLOW20,0,0,0,0,0,0,797,visible_wheel_dispatch.evidence_capture_frame_id,12722,forward_loss_decelerating,46,39,42.5
84,12732,"2026-09-30 17:48:33,970",FOLLOW20,0,0,0,0,0,0,797,visible_wheel_dispatch.evidence_capture_frame_id,12733,forward_loss_decelerating,31,25,28
85,12752,"2026-09-30 17:48:34,042",FOLLOW20,0,0,0,0,0,0,797,visible_wheel_dispatch.evidence_capture_frame_id,12753,forward_loss_decelerating,28,29,28.5
86,12771,"2026-09-30 17:48:34,071",FOLLOW20,0,0,0,0,0,0,797,visible_wheel_dispatch.evidence_capture_frame_id,12772,forward_loss_decelerating,26,23,24.5
87,12803,"2026-09-30 17:48:34,133",FOLLOW20,0,0,0,0,0,0,800,visible_wheel_dispatch.evidence_capture_frame_id,12804,forward_loss_decelerating,22,19,20.5
88,12826,"2026-09-30 17:48:34,165",FOLLOW20,0,0,0,0,0,0,800,visible_wheel_dispatch.evidence_capture_frame_id,12827,forward_loss_decelerating,11,12,11.5
89,12854,"2026-09-30 17:48:34,273",FOLLOW20,0,0,0,0,0,0,804,visible_wheel_dispatch.evidence_capture_frame_id,12855,forward_loss_decelerating,2,2,2
90,12891,"2026-09-30 17:48:34,336",FOLLOW20,10,-10,10,10,10,0,804,visible_wheel_dispatch.evidence_capture_frame_id,12892,forward_controller_handoff,0,-3,-1.5
91,12897,"2026-09-30 17:48:34,369",FOLLOW20,10,-10,10,10,10,0,804,visible_wheel_dispatch.evidence_capture_frame_id,12898,forward_controller_handoff,-1,-2,-1.5
92,12933,"2026-09-30 17:48:34,450",FOLLOW20,10,-10,10,10,10,0,808,visible_wheel_dispatch.evidence_capture_frame_id,12934,continuous,-1,0,-0.5
93,12961,"2026-09-30 17:48:34,562",FOLLOW20,12,-12,12,12,12,0,808,visible_wheel_dispatch.evidence_capture_frame_id,12962,continuous,4,7,5.5
