log_line,time,depth_context_CAP,physical_depth_timestamp,control_distance_m,pi_log_line,P_plus_I_RPM,launch_floor_RPM,total_demand_before_limits_RPM,braking_envelope_RPM,PI_request_after_limits_RPM,depth_linear_limit_approved_RPM_NOT_final_motor_write,pi_state,braking_source,final_pi_limit_reason,execution_anchor_RPM
9594,"2026-09-30 17:48:26,478",655,28614.388208097,1.383,9591,0.00,0.00,0.00,16.229720473967067,0,0,tracking,raw_relative_motion,none,0.00
9639,"2026-09-30 17:48:26,666",658,28614.553128863,1.413,9635,0.00,0.00,0.00,28.327604472132844,0,0,tracking,raw_relative_motion,none,0.00
9663,"2026-09-30 17:48:26,710",658,28614.584876848,1.4766,9661,10.31,1.56,10.31,65.85322999099998,10,10,tracking,raw_relative_motion,none,0.00
9728,"2026-09-30 17:48:26,845",662,28614.756821352,1.5014000000000003,9721,15.78,3.67,15.78,7.378675786623858,7,6,recovering,motion_unknown_bound,braking_envelope,19.50
9785,"2026-09-30 17:48:26,964",665,28614.853758679,1.5938018463567425,9779,36.14,19.32,36.14,20.39180876233552,20,20,tracking,motion_unknown_bound,braking_envelope,6.00
9808,"2026-09-30 17:48:27,006",665,28614.894081154,1.6236,9805,42.94,26.99,42.94,50.979490961423416,30,30,tracking,raw_relative_motion,software_slew,20.00
9840,"2026-09-30 17:48:27,105",665,28614.924642669,1.6392,9837,46.33,31.51,46.33,56.112806389613446,46,46,tracking,raw_relative_motion,none,28.00
9889,"2026-09-30 17:48:27,188",667,28615.090376873,1.6565999999999999,9883,51.27,36.97,51.27,57.641745553549455,51,50,tracking,raw_relative_motion,none,46.00
9945,"2026-09-30 17:48:27,341",671,28615.222153773,1.725,9938,67.49,62.66,67.49,70.79061639932374,67,66,tracking,raw_relative_motion,none,50.00
9982,"2026-09-30 17:48:27,427",671,28615.261200239,1.792,9979,82.25,94.35,94.35,73.8622355376179,73,72,tracking,raw_relative_motion,braking_envelope,66.00
10056,"2026-09-30 17:48:27,590",675,28615.49239357,1.812791046851105,10050,86.83,105.50,105.50,65.42233108302563,17,16,recovering,raw_relative_motion,execution_recovery,17.50
10107,"2026-09-30 17:48:27,776",679,28615.636890314,1.8991999999999998,10101,105.87,158.51,158.51,47.32644316017707,47,46,tracking,raw_relative_motion,braking_envelope,16.00
10158,"2026-09-30 17:48:27,887",683,28615.802916469,1.9096020631447328,10153,108.17,165.61,165.61,55.00105541513108,55,54,tracking,raw_relative_motion,braking_envelope,42.00
10206,"2026-09-30 17:48:27,997",683,28615.840860171,1.9294046965538274,10204,112.53,179.57,179.57,54.146804428981824,54,54,tracking,raw_relative_motion,braking_envelope,54.00
10242,"2026-09-30 17:48:28,052",683,28615.868413804,1.9316,10239,113.01,180.00,180.00,66.05828144037248,57,56,tracking,raw_relative_motion,software_slew,44.00
10291,"2026-09-30 17:48:28,142",685,28616.000452906,1.9425811965811965,10285,115.43,180.00,180.00,81.55129494649127,71,70,tracking,raw_relative_motion,software_slew,52.00
10364,"2026-09-30 17:48:28,329",690,28616.209882332,1.9739570405727922,10358,122.35,180.00,180.00,72.90294154855778,47,46,recovering,raw_relative_motion,depth_expiry_recovery_step,35.50
10415,"2026-09-30 17:48:28,450",693,28616.36497564,1.97398556998557,10411,122.35,180.00,180.00,52.87173776877117,52,52,tracking,raw_relative_motion,braking_envelope,46.00
10478,"2026-09-30 17:48:28,585",696,28616.483819785,1.97398556998557,10472,122.35,180.00,180.00,55.83560708256893,55,54,tracking,raw_relative_motion,braking_envelope,52.00
10522,"2026-09-30 17:48:28,691",696,28616.533828264,1.9716,10519,121.83,180.00,180.00,55.76778168348096,55,54,tracking,raw_relative_motion,braking_envelope,54.00
10575,"2026-09-30 17:48:28,785",699,28616.668648629,1.9716,10570,121.83,180.00,180.00,63.36080331731064,63,62,tracking,raw_relative_motion,braking_envelope,44.00
10621,"2026-09-30 17:48:28,879",699,28616.707177983,1.9994,10618,127.95,180.00,180.00,65.53396102560667,65,64,tracking,raw_relative_motion,braking_envelope,58.00
10666,"2026-09-30 17:48:28,951",702,28616.839591867,2.016,10661,131.61,180.00,180.00,77.27956580444629,69,68,tracking,raw_relative_motion,software_slew,52.00
10714,"2026-09-30 17:48:29,092",702,28616.87631585,2.0692,10711,143.34,180.00,180.00,75.80067048797846,75,74,tracking,raw_relative_motion,braking_envelope,68.00
10766,"2026-09-30 17:48:29,173",706,28617.078158052,2.0818,10761,146.11,180.00,180.00,75.15789711879496,73,72,tracking_gap_no_integral,raw_relative_motion,software_slew,54.00
10818,"2026-09-30 17:48:29,314",706,28617.115898176,2.1422,10815,159.42,180.00,180.00,75.69643134517356,75,74,tracking,raw_relative_motion,braking_envelope,72.00
10867,"2026-09-30 17:48:29,403",711,28617.312664925,2.1528,10864,161.76,180.00,180.00,68.30384878324878,68,68,tracking_gap_no_integral,raw_relative_motion,braking_envelope,56.00
10952,"2026-09-30 17:48:29,662",716,28617.581307012,2.1607498300475867,10947,163.51,180.00,180.00,73.15458023118082,37,36,recovering,raw_relative_motion,depth_expiry_recovery_step,25.00
10994,"2026-09-30 17:48:29,795",716,28617.625734591,2.1614000000000004,10990,163.65,180.00,180.00,86.41296411180174,67,66,tracking,raw_relative_motion,software_slew,36.00
11047,"2026-09-30 17:48:29,908",719,28617.780759359,2.1696,11043,165.46,180.00,180.00,92.79455267272343,92,92,tracking,raw_relative_motion,braking_envelope,66.00
11115,"2026-09-30 17:48:30,057",724,28617.959316362,2.1914,11110,170.27,180.00,180.00,62.04804336037323,62,62,tracking,raw_relative_motion,braking_envelope,84.00
11165,"2026-09-30 17:48:30,147",724,28617.996649621,2.1914,11162,170.27,180.00,180.00,57.2101007602049,57,56,tracking,raw_relative_motion,braking_envelope,60.00
11204,"2026-09-30 17:48:30,194",726,28618.094653255,2.1914,11199,170.27,180.00,180.00,65.67554103672869,63,62,tracking,raw_relative_motion,software_slew,52.00
11258,"2026-09-30 17:48:30,354",726,28618.15595653,2.197,11255,171.50,180.00,180.00,67.55185763146646,67,66,tracking,raw_relative_motion,braking_envelope,62.00
11300,"2026-09-30 17:48:30,447",729,28618.295415443,2.2054060042887778,11295,173.35,180.00,180.00,75.20651221126963,71,70,tracking,raw_relative_motion,software_slew,50.00
11381,"2026-09-30 17:48:30,671",734,28618.540219637,2.2284051611782085,11377,178.42,180.00,180.00,79.09403824742417,30,30,recovering,raw_relative_motion,execution_recovery,30.50
11430,"2026-09-30 17:48:30,833",739,28618.731311571,2.230981764597532,11424,178.99,180.00,180.00,61.96890335920893,61,60,tracking_gap_no_integral,raw_relative_motion,braking_envelope,30.00
11461,"2026-09-30 17:48:30,909",739,28618.757740566,2.230981764597532,11458,178.99,180.00,180.00,61.71860543822624,61,60,tracking,raw_relative_motion,braking_envelope,58.00
11506,"2026-09-30 17:48:30,974",742,28618.868403378,2.2279200592153963,11502,178.31,180.00,180.00,54.619439415549444,54,54,tracking,raw_relative_motion,braking_envelope,52.00
11537,"2026-09-30 17:48:31,020",742,28618.903002332,2.1942,11534,170.88,180.00,180.00,53.397913055921215,53,52,tracking,raw_relative_motion,braking_envelope,54.00
11566,"2026-09-30 17:48:31,144",742,28618.945201051,2.1801989702096356,11564,167.80,180.00,180.00,58.82899144596757,58,58,tracking,raw_relative_motion,braking_envelope,52.00
11614,"2026-09-30 17:48:31,212",744,28619.070520907,2.1717979407979406,11607,165.95,180.00,180.00,61.189069381445215,45,44,recovering,raw_relative_motion,execution_recovery,45.00
11671,"2026-09-30 17:48:31,417",750,28619.307065602,2.1311999999999998,11668,157.00,180.00,180.00,48.41557483268148,48,48,recovering,raw_relative_motion,braking_envelope,36.50
11698,"2026-09-30 17:48:31,477",750,28619.340301924,2.0304,11696,134.79,180.00,180.00,44.42708972927809,44,44,tracking,raw_relative_motion,braking_envelope,48.00
11736,"2026-09-30 17:48:31,615",750,28619.372186989,2.016,11733,131.61,0.00,131.61,40.07015862054249,40,40,tracking,motion_unknown_bound,braking_envelope,44.00
11775,"2026-09-30 17:48:31,670",753,28619.475306909,2.0065999999999997,11771,129.54,180.00,180.00,39.96931710552497,28,28,recovering,motion_unknown_bound,execution_recovery,28.00
11821,"2026-09-30 17:48:31,799",758,28619.700011406,1.9809999999999999,11816,123.90,180.00,180.00,69.42719954940563,23,22,recovering,raw_relative_motion,brake_evidence_recovery,23.00
11859,"2026-09-30 17:48:31,921",758,28619.745912447,1.9809999999999999,11855,123.90,180.00,180.00,81.56003642348222,51,50,tracking,raw_relative_motion,software_slew,22.00
11910,"2026-09-30 17:48:32,055",760,28619.879147935,1.9949632883589583,11905,126.98,180.00,180.00,69.87454092714545,69,68,tracking,raw_relative_motion,braking_envelope,50.00
11968,"2026-09-30 17:48:32,218",765,28620.115975832,2.0185999999999997,11963,132.19,180.00,180.00,64.2663120632493,30,30,recovering,raw_relative_motion,execution_recovery,30.00
12001,"2026-09-30 17:48:32,334",765,28620.139406278,2.0376,11998,136.37,180.00,180.00,30,30,30,tracking,relative_motion_memory,braking_envelope,30.00
12040,"2026-09-30 17:48:32,422",768,28620.288143747,2.0376,12034,136.37,180.00,180.00,51.89277512290631,51,50,tracking,raw_relative_motion,software_slew,30.00
12099,"2026-09-30 17:48:32,597",772,28620.482730342,2.0111999999999997,12094,130.56,180.00,180.00,50.651655206313286,50,50,tracking_gap_no_integral,raw_relative_motion,braking_envelope,46.00
12171,"2026-09-30 17:48:32,753",775,28620.646012275,1.9828,12164,124.30,180.00,180.00,69.43785174838025,69,68,tracking,raw_relative_motion,braking_envelope,46.00
12250,"2026-09-30 17:48:32,897",778,28620.782144815,1.9762000000000004,12244,122.84,180.00,180.00,73.29085721191515,41,40,recovering,raw_relative_motion,execution_recovery,41.00
12286,"2026-09-30 17:48:33,040",778,28620.820787333,1.9692,12283,121.30,180.00,180.00,38.790717460600185,38,38,tracking,motion_unknown_bound,braking_envelope,40.00
12320,"2026-09-30 17:48:33,089",781,28620.950882234,1.9648,12316,120.33,180.00,180.00,38.62307656159469,38,38,tracking,motion_unknown_bound,braking_envelope,38.00
12368,"2026-09-30 17:48:33,197",785,28621.086474037,1.9183999999999999,12362,110.10,171.74,171.74,36.80280165907435,36,36,tracking,raw_relative_motion,braking_envelope,38.00
12392,"2026-09-30 17:48:33,256",785,28621.124133955,1.87,12389,99.44,139.39,139.39,35.89042230718782,35,34,tracking,raw_relative_motion,braking_envelope,36.00
12420,"2026-09-30 17:48:33,310",785,28621.164744881,1.858,12417,96.79,131.89,131.89,39.905673871539165,39,38,tracking,raw_relative_motion,braking_envelope,34.00
12455,"2026-09-30 17:48:33,366",787,28621.262378108,1.849998123240538,12449,95.03,127.01,127.01,43.76047063773887,43,42,tracking,raw_relative_motion,braking_envelope,38.00
12488,"2026-09-30 17:48:33,455",787,28621.293394027,1.8362,12485,91.99,118.80,118.80,41.665186525107174,41,40,tracking,raw_relative_motion,braking_envelope,42.00
12531,"2026-09-30 17:48:33,512",790,28621.420917369,1.8262000000000003,12525,89.79,113.02,113.02,41.41521765578467,41,40,tracking,raw_relative_motion,braking_envelope,38.00
12569,"2026-09-30 17:48:33,611",790,28621.454996003,1.7994,12567,83.88,98.25,98.25,42.99772022945104,42,42,tracking,raw_relative_motion,braking_envelope,40.00
12603,"2026-09-30 17:48:33,671",793,28621.565427237,1.7958,12598,83.09,96.34,96.34,37.910824675970176,37,36,tracking,raw_relative_motion,braking_envelope,36.00
12638,"2026-09-30 17:48:33,750",793,28621.594881322,1.757,12635,74.54,76.99,76.99,31.904743804977965,31,30,recovering,raw_relative_motion,braking_envelope,43.00
12695,"2026-09-30 17:48:33,864",797,28621.766419253,1.7408,12689,70.97,69.55,70.97,17.063754356992916,17,16,recovering,raw_relative_motion,braking_envelope,42.50
12745,"2026-09-30 17:48:34,028",797,28621.80627974,1.6406,12742,48.89,31.93,48.89,0.0,0,0,recovering,raw_relative_motion,braking_envelope,28.50
12789,"2026-09-30 17:48:34,089",800,28621.971078884,1.6174,12785,41.30,25.29,41.30,0.0,0,0,tracking,raw_relative_motion,braking_envelope,0.00
12815,"2026-09-30 17:48:34,148",800,28622.027064628,1.5168,12813,19.13,5.42,19.13,0.0,0,0,tracking,raw_relative_motion,braking_envelope,0.00
12849,"2026-09-30 17:48:34,244",804,28622.141440262,1.4891999999999999,12845,13.05,2.52,13.05,0,0,0,tracking,raw_relative_motion,brake_settling,0.00
12876,"2026-09-30 17:48:34,304",804,28622.203560475,1.4762,12874,10.27,1.54,10.27,13.706753464042585,10,10,tracking,raw_relative_motion,none,0.00
12916,"2026-09-30 17:48:34,398",808,28622.306112243,1.4762,12912,10.40,1.54,10.40,15.576926207795188,10,10,tracking,raw_relative_motion,none,10.00
12948,"2026-09-30 17:48:34,494",808,28622.338442379,1.4868000000000001,12946,12.79,2.32,12.79,15.732776636856912,12,12,tracking,raw_relative_motion,none,10.00
12972,"2026-09-30 17:48:34,577",808,28622.405327429,1.4868000000000001,12970,12.79,2.32,12.79,12.739180644787076,12,12,tracking,raw_relative_motion,braking_envelope,12.00
