capture_frame_id,visual_pipeline_log_line,visual_pipeline_completion_wall_time,normal_dispatch_count,motor_write_log_lines,motor_write_wall_times,forward_normalized_wheel_command_sequence_rpm,actual_base_sequence_rpm,actual_yaw_sequence_rpm,feedback_forward_wheel_sequence_rpm,feedback_body_sequence_rpm,feedback_body_min_rpm,feedback_body_max_rpm,feedback_body_mean_rpm,dispatch_reasons,forward_loss_reasons,dispatch_log_lines,follow_wheel_tick_log_lines,follow_wheel_tick_reasons,follow_wheel_tick_target_period_ms,attribution_source,dispatch_status
655,9605,"2026-09-30 17:48:26,486",1,9610,"2026-09-30 17:48:26,605","(1,-1)",0,1,"(0,0)",0,0,0,0,continuous,none,9611,9612,periodic,50,visible_wheel_dispatch.evidence_capture_frame_id;validated_against_follow_wheel_tick.capture_frame_id,explicitly_attributed_normal_dispatch
658,9650,"2026-09-30 17:48:26,675",3,9642;9679;9702,"2026-09-30 17:48:26,673;2026-09-30 17:48:26,760;2026-09-30 17:48:26,823","(0,0);(12,8);(0,0)",0;10;0,0;2;0,"(0,0);(0,0);(39,0)",0;0;19.5,0,19.5,6.5,explicit_zero;continuous;forward_loss_feedback_wait,none;none;forward_loss_feedback_wait,9643;9680;9703,9644;9681;9704,yaw_revoked;periodic;base_reduced,50;50;50,visible_wheel_dispatch.evidence_capture_frame_id;validated_against_follow_wheel_tick.capture_frame_id,explicitly_attributed_normal_dispatch
662,9739,"2026-09-30 17:48:26,854",2,9750;9765,"2026-09-30 17:48:26,881;2026-09-30 17:48:26,927","(6,6);(6,6)",6;6,0;0,"(39,0);(0,0)",19.5;0,0,19.5,9.75,continuous;continuous,none;none,9751;9766,9752;9767,periodic;periodic,50;50,visible_wheel_dispatch.evidence_capture_frame_id;validated_against_follow_wheel_tick.capture_frame_id,explicitly_attributed_normal_dispatch
665,9795,"2026-09-30 17:48:26,965",2,9797;9857,"2026-09-30 17:48:26,982;2026-09-30 17:48:27,120","(6,6);(38,18)",6;28,0;10,"(0,0);(0,0)",0;0,0,0,0,continuous;continuous,none;none,9798;9858,9799;9859,periodic;periodic,50;50,visible_wheel_dispatch.evidence_capture_frame_id;validated_against_follow_wheel_tick.capture_frame_id,explicitly_attributed_normal_dispatch
667,9902,"2026-09-30 17:48:27,197",1,9919,"2026-09-30 17:48:27,307","(52,32)",42,10,"(12,13)",12.5,12.5,12.5,12.5,continuous,none,9920,9921,periodic,50,visible_wheel_dispatch.evidence_capture_frame_id;validated_against_follow_wheel_tick.capture_frame_id,explicitly_attributed_normal_dispatch
671,9954,"2026-09-30 17:48:27,342",1,10032,"2026-09-30 17:48:27,564","(34,34)",34,0,"(16,15)",15.5,15.5,15.5,15.5,final_base_coalesced,none,10034,10035,yaw_revoked,50,visible_wheel_dispatch.evidence_capture_frame_id;validated_against_follow_wheel_tick.capture_frame_id,explicitly_attributed_normal_dispatch
675,10069,"2026-09-30 17:48:27,592",2,10073;10078,"2026-09-30 17:48:27,647;2026-09-30 17:48:27,748","(26,6);(16,16)",16;16,10;0,"(23,11);(22,17)",17;19.5,17,19.5,18.25,continuous;continuous,none;none,10074;10079,10075;10080,base_reduced;yaw_revoked,50;50,visible_wheel_dispatch.evidence_capture_frame_id;validated_against_follow_wheel_tick.capture_frame_id,explicitly_attributed_normal_dispatch
679,10123,"2026-09-30 17:48:27,777",1,10136,"2026-09-30 17:48:27,820","(40,40)",40,0,"(22,11)",16.5,16.5,16.5,16.5,continuous,none,10137,10138,periodic,50,visible_wheel_dispatch.evidence_capture_frame_id;validated_against_follow_wheel_tick.capture_frame_id,explicitly_attributed_normal_dispatch
683,10168,"2026-09-30 17:48:27,888",2,10193;10275,"2026-09-30 17:48:27,972;2026-09-30 17:48:28,128","(54,34);(38,38)",44;38,10;0,"(20,14);(29,29)",17;29,17,29,23,final_base_coalesced;continuous,none;none,10195;10276,10196;10277,base_reduced;base_reduced,50;50,visible_wheel_dispatch.evidence_capture_frame_id;validated_against_follow_wheel_tick.capture_frame_id,explicitly_attributed_normal_dispatch
685,10303,"2026-09-30 17:48:28,166",1,10337,"2026-09-30 17:48:28,299","(44,44)",44,0,"(40,32)",36,36,36,36,continuous,none,10338,10339,periodic,50,visible_wheel_dispatch.evidence_capture_frame_id;validated_against_follow_wheel_tick.capture_frame_id,explicitly_attributed_normal_dispatch
690,10377,"2026-09-30 17:48:28,331",2,10381;10396,"2026-09-30 17:48:28,353;2026-09-30 17:48:28,434","(0,0);(46,46)",0;46,0;0,"(40,31);(27,18)",35.5;22.5,22.5,35.5,29,forward_loss_feedback_wait;continuous,forward_loss_feedback_wait;none,10382;10397,10383;10398,base_reduced;periodic,50;50,visible_wheel_dispatch.evidence_capture_frame_id;validated_against_follow_wheel_tick.capture_frame_id,explicitly_attributed_normal_dispatch
693,10427,"2026-09-30 17:48:28,451",1,10463,"2026-09-30 17:48:28,579","(42,42)",42,0,"(26,23)",24.5,24.5,24.5,24.5,continuous,none,10464,10465,base_reduced,50,visible_wheel_dispatch.evidence_capture_frame_id;validated_against_follow_wheel_tick.capture_frame_id,explicitly_attributed_normal_dispatch
696,10492,"2026-09-30 17:48:28,601",1,10546,"2026-09-30 17:48:28,737","(42,42)",42,0,"(12,9)",10.5,10.5,10.5,10.5,continuous,none,10547,10548,periodic,50,visible_wheel_dispatch.evidence_capture_frame_id;validated_against_follow_wheel_tick.capture_frame_id,explicitly_attributed_normal_dispatch
699,10590,"2026-09-30 17:48:28,788",0,,,,,,,,,,,,,,,,,,no_dispatch_for_this_evidence/not_equal_zero
702,10685,"2026-09-30 17:48:28,994",1,10673,"2026-09-30 17:48:28,979","(68,68)",68,0,"(4,10)",7,7,7,7,continuous,none,10674,10675,base_reduced,50,visible_wheel_dispatch.evidence_capture_frame_id;validated_against_follow_wheel_tick.capture_frame_id,explicitly_attributed_normal_dispatch
706,10786,"2026-09-30 17:48:29,202",1,10774,"2026-09-30 17:48:29,199","(75,65)",70,5,"(8,11)",9.5,9.5,9.5,9.5,final_base_coalesced,none,10776,10777,base_reduced,50,visible_wheel_dispatch.evidence_capture_frame_id;validated_against_follow_wheel_tick.capture_frame_id,explicitly_attributed_normal_dispatch
711,10899,"2026-09-30 17:48:29,480",3,10888;10911;10924,"2026-09-30 17:48:29,476;2026-09-30 17:48:29,522;2026-09-30 17:48:29,578","(60,48);(52,40);(44,44)",54;46;44,6;6;0,"(22,23);(27,27);(27,23)",22.5;27;25,22.5,27,24.833,final_base_coalesced;continuous;continuous,none;none;none,10890;10912;10925,10891;10913;10926,base_reduced;base_reduced;base_reduced,50;50;50,visible_wheel_dispatch.evidence_capture_frame_id;validated_against_follow_wheel_tick.capture_frame_id,explicitly_attributed_normal_dispatch
716,10965,"2026-09-30 17:48:29,663",1,10975,"2026-09-30 17:48:29,703","(42,30)",36,6,"(27,28)",27.5,27.5,27.5,27.5,continuous,none,10976,10977,base_reduced,50,visible_wheel_dispatch.evidence_capture_frame_id;validated_against_follow_wheel_tick.capture_frame_id,explicitly_attributed_normal_dispatch
719,11063,"2026-09-30 17:48:29,910",0,,,,,,,,,,,,,,,,,,no_dispatch_for_this_evidence/not_equal_zero
724,11131,"2026-09-30 17:48:30,058",3,11135;11147;11183,"2026-09-30 17:48:30,063;2026-09-30 17:48:30,092;2026-09-30 17:48:30,152","(56,56);(54,54);(50,50)",56;54;50,0;0;0,"(18,10);(13,12);(13,14)",14;12.5;13.5,12.5,14,13.333,continuous;continuous;continuous,none;none;none,11136;11148;11184,11137;11149;11185,yaw_revoked;base_reduced;base_reduced,50;50;50,visible_wheel_dispatch.evidence_capture_frame_id;validated_against_follow_wheel_tick.capture_frame_id,explicitly_attributed_normal_dispatch
726,11216,"2026-09-30 17:48:30,196",1,11241,"2026-09-30 17:48:30,294","(60,40)",50,10,"(16,14)",15,15,15,15,final_base_coalesced,none,11243,11244,periodic,50,visible_wheel_dispatch.evidence_capture_frame_id;validated_against_follow_wheel_tick.capture_frame_id,explicitly_attributed_normal_dispatch
729,11318,"2026-09-30 17:48:30,455",2,11335;11360,"2026-09-30 17:48:30,562;2026-09-30 17:48:30,660","(58,38);(0,0)",48;0,10;0,"(21,23);(34,27)",22;30.5,22,30.5,26.25,final_base_coalesced;forward_loss_feedback_wait,none;forward_loss_feedback_wait,11337;11361,11338;11362,periodic;base_reduced,50;50,visible_wheel_dispatch.evidence_capture_frame_id;validated_against_follow_wheel_tick.capture_frame_id,explicitly_attributed_normal_dispatch
734,11396,"2026-09-30 17:48:30,687",2,11399;11407,"2026-09-30 17:48:30,716;2026-09-30 17:48:30,808","(30,30);(30,30)",30;30,0;0,"(38,32);(42,27)",35;34.5,34.5,35,34.75,continuous;continuous,none;none,11400;11408,11401;11409,periodic;periodic,50;50,visible_wheel_dispatch.evidence_capture_frame_id;validated_against_follow_wheel_tick.capture_frame_id,explicitly_attributed_normal_dispatch
739,11444,"2026-09-30 17:48:30,835",2,11448;11479,"2026-09-30 17:48:30,890;2026-09-30 17:48:30,952","(54,54);(52,52)",54;52,0;0,"(39,26);(34,32)",32.5;33,32.5,33,32.75,continuous;continuous,none;none,11449;11480,11450;11481,periodic;base_reduced,50;50,visible_wheel_dispatch.evidence_capture_frame_id;validated_against_follow_wheel_tick.capture_frame_id,explicitly_attributed_normal_dispatch
742,11519,"2026-09-30 17:48:30,976",1,11553,"2026-09-30 17:48:31,119","(50,50)",50,0,"(35,36)",35.5,35.5,35.5,35.5,continuous,none,11554,11555,base_reduced,50,visible_wheel_dispatch.evidence_capture_frame_id;validated_against_follow_wheel_tick.capture_frame_id,explicitly_attributed_normal_dispatch
744,11634,"2026-09-30 17:48:31,229",3,11621;11639;11650,"2026-09-30 17:48:31,226;2026-09-30 17:48:31,316;2026-09-30 17:48:31,385","(0,0);(44,44);(44,44)",0;44;44,0;0;0,"(40,50);(43,41);(42,37)",45;42;39.5,39.5,45,42.167,forward_loss_feedback_wait;continuous;continuous,forward_loss_feedback_wait;none;none,11622;11640;11651,11623;11641;11652,base_reduced;periodic;periodic,50;50;50,visible_wheel_dispatch.evidence_capture_frame_id;validated_against_follow_wheel_tick.capture_frame_id,explicitly_attributed_normal_dispatch
750,11683,"2026-09-30 17:48:31,419",3,11685;11713;11755,"2026-09-30 17:48:31,431;2026-09-30 17:48:31,531;2026-09-30 17:48:31,643","(0,0);(44,44);(0,0)",0;44;0,0;0;0,"(40,33);(39,33);(24,26)",36.5;36;25,25,36.5,32.5,forward_loss_feedback_wait;continuous;forward_loss_feedback_wait,forward_loss_feedback_wait;none;forward_loss_feedback_wait,11686;11714;11756,11687;11715;11757,base_reduced;periodic;base_reduced,50;50;50,visible_wheel_dispatch.evidence_capture_frame_id;validated_against_follow_wheel_tick.capture_frame_id,explicitly_attributed_normal_dispatch
753,11787,"2026-09-30 17:48:31,671",2,11789;11798,"2026-09-30 17:48:31,720;2026-09-30 17:48:31,773","(32,24);(32,24)",28;28,4;4,"(27,27);(23,23)",27;23,23,27,25,continuous;continuous,none;none,11790;11799,11791;11800,periodic;periodic,50;50,visible_wheel_dispatch.evidence_capture_frame_id;validated_against_follow_wheel_tick.capture_frame_id,explicitly_attributed_normal_dispatch
758,11831,"2026-09-30 17:48:31,801",3,11842;11881;11890,"2026-09-30 17:48:31,836;2026-09-30 17:48:31,985;2026-09-30 17:48:32,036","(28,16);(50,50);(50,50)",22;50;50,6;0;0,"(20,18);(15,15);(23,15)",19;15;19,15,19,17.667,continuous;continuous;continuous,none;none;none,11843;11882;11891,11844;11883;11892,base_reduced;periodic;periodic,50;50;50,visible_wheel_dispatch.evidence_capture_frame_id;validated_against_follow_wheel_tick.capture_frame_id,explicitly_attributed_normal_dispatch
760,11926,"2026-09-30 17:48:32,077",2,11934;11944,"2026-09-30 17:48:32,113;2026-09-30 17:48:32,152","(46,46);(38,38)",46;38,0;0,"(20,19);(21,31)",19.5;26,19.5,26,22.75,continuous;continuous,none;none,11935;11945,11936;11946,base_reduced;base_reduced,50;50,visible_wheel_dispatch.evidence_capture_frame_id;validated_against_follow_wheel_tick.capture_frame_id,explicitly_attributed_normal_dispatch
765,11982,"2026-09-30 17:48:32,219",2,11983;12002,"2026-09-30 17:48:32,220;2026-09-30 17:48:32,335","(0,0);(40,20)",0;30,0;10,"(25,35);(34,31)",30;32.5,30,32.5,31.25,forward_loss_feedback_wait;continuous,forward_loss_feedback_wait;none,11984;12003,11985;12004,base_reduced;periodic,50;50,visible_wheel_dispatch.evidence_capture_frame_id;validated_against_follow_wheel_tick.capture_frame_id,explicitly_attributed_normal_dispatch
768,12057,"2026-09-30 17:48:32,424",3,12068;12073;12077,"2026-09-30 17:48:32,450;2026-09-30 17:48:32,474;2026-09-30 17:48:32,559","(46,46);(44,44);(44,44)",46;44;44,0;0;0,"(33,21);(29,21);(29,24)",27;25;26.5,25,27,26.167,continuous;continuous;continuous,none;none;none,12069;12074;12078,12070;12075;12079,yaw_revoked;base_reduced;periodic,50;50;50,visible_wheel_dispatch.evidence_capture_frame_id;validated_against_follow_wheel_tick.capture_frame_id,explicitly_attributed_normal_dispatch
772,12115,"2026-09-30 17:48:32,599",2,12118;12145,"2026-09-30 17:48:32,614;2026-09-30 17:48:32,716","(42,42);(49,35)",42;42,0;7,"(32,28);(33,29)",30;31,30,31,30.5,continuous;final_base_coalesced,none;none,12119;12147,12120;12148,base_reduced;periodic,50;50,visible_wheel_dispatch.evidence_capture_frame_id;validated_against_follow_wheel_tick.capture_frame_id,explicitly_attributed_normal_dispatch
775,12188,"2026-09-30 17:48:32,755",0,,,,,,,,,,,,,,,,,,no_dispatch_for_this_evidence/not_equal_zero
778,12263,"2026-09-30 17:48:32,899",1,12274,"2026-09-30 17:48:33,025","(40,40)",40,0,"(43,21)",32,32,32,32,continuous,none,12275,12276,base_reduced,50,visible_wheel_dispatch.evidence_capture_frame_id;validated_against_follow_wheel_tick.capture_frame_id,explicitly_attributed_normal_dispatch
781,12329,"2026-09-30 17:48:33,090",1,12347,"2026-09-30 17:48:33,167","(38,38)",38,0,"(29,26)",27.5,27.5,27.5,27.5,continuous,none,12348,12349,base_reduced,50,visible_wheel_dispatch.evidence_capture_frame_id;validated_against_follow_wheel_tick.capture_frame_id,explicitly_attributed_normal_dispatch
785,12381,"2026-09-30 17:48:33,198",1,12408,"2026-09-30 17:48:33,303","(34,34)",34,0,"(25,22)",23.5,23.5,23.5,23.5,continuous,none,12409,12410,base_reduced,50,visible_wheel_dispatch.evidence_capture_frame_id;validated_against_follow_wheel_tick.capture_frame_id,explicitly_attributed_normal_dispatch
787,12468,"2026-09-30 17:48:33,367",1,12499,"2026-09-30 17:48:33,465","(38,38)",38,0,"(22,23)",22.5,22.5,22.5,22.5,continuous,none,12500,12501,periodic,50,visible_wheel_dispatch.evidence_capture_frame_id;validated_against_follow_wheel_tick.capture_frame_id,explicitly_attributed_normal_dispatch
790,12544,"2026-09-30 17:48:33,514",1,12556,"2026-09-30 17:48:33,585","(38,38)",38,0,"(25,32)",28.5,28.5,28.5,28.5,continuous,none,12557,12558,periodic,50,visible_wheel_dispatch.evidence_capture_frame_id;validated_against_follow_wheel_tick.capture_frame_id,explicitly_attributed_normal_dispatch
793,12621,"2026-09-30 17:48:33,681",3,12610;12650;12662,"2026-09-30 17:48:33,680;2026-09-30 17:48:33,768;2026-09-30 17:48:33,824","(36,36);(0,0);(0,0)",36;0;0,0;0;0,"(33,32);(44,42);(46,42)",32.5;43;44,32.5,44,39.833,continuous;forward_loss_feedback_wait;forward_loss_decelerating,none;forward_loss_feedback_wait;forward_loss_decelerating,12611;12651;12663,12612;12652;12664,base_reduced;base_reduced;periodic,50;50;50,visible_wheel_dispatch.evidence_capture_frame_id;validated_against_follow_wheel_tick.capture_frame_id,explicitly_attributed_normal_dispatch
797,12710,"2026-09-30 17:48:33,865",4,12721;12732;12752;12771,"2026-09-30 17:48:33,887;2026-09-30 17:48:33,970;2026-09-30 17:48:34,042;2026-09-30 17:48:34,071","(0,0);(0,0);(0,0);(0,0)",0;0;0;0,0;0;0;0,"(46,39);(31,25);(28,29);(26,23)",42.5;28;28.5;24.5,24.5,42.5,30.875,forward_loss_decelerating;forward_loss_decelerating;forward_loss_decelerating;forward_loss_decelerating,forward_loss_decelerating;forward_loss_decelerating;forward_loss_decelerating;forward_loss_decelerating,12722;12733;12753;12772,12723;12734;12754;12773,periodic;periodic;periodic;periodic,50;50;50;50,visible_wheel_dispatch.evidence_capture_frame_id;validated_against_follow_wheel_tick.capture_frame_id,explicitly_attributed_normal_dispatch
800,12800,"2026-09-30 17:48:34,101",2,12803;12826,"2026-09-30 17:48:34,133;2026-09-30 17:48:34,165","(0,0);(0,0)",0;0,0;0,"(22,19);(11,12)",20.5;11.5,11.5,20.5,16,forward_loss_decelerating;forward_loss_decelerating,forward_loss_decelerating;forward_loss_decelerating,12804;12827,12805;12828,periodic;periodic,50;50,visible_wheel_dispatch.evidence_capture_frame_id;validated_against_follow_wheel_tick.capture_frame_id,explicitly_attributed_normal_dispatch
804,12864,"2026-09-30 17:48:34,276",3,12854;12891;12897,"2026-09-30 17:48:34,273;2026-09-30 17:48:34,336;2026-09-30 17:48:34,369","(0,0);(10,10);(10,10)",0;10;10,0;0;0,"(2,2);(0,-3);(-1,-2)",2;-1.5;-1.5,-1.5,2,-0.333,forward_loss_decelerating;forward_controller_handoff;forward_controller_handoff,forward_loss_decelerating;none;none,12855;12892;12898,12856;12893;12899,periodic;periodic;periodic,50;50;50,visible_wheel_dispatch.evidence_capture_frame_id;validated_against_follow_wheel_tick.capture_frame_id,explicitly_attributed_normal_dispatch
808,12929,"2026-09-30 17:48:34,406",2,12933;12961,"2026-09-30 17:48:34,450;2026-09-30 17:48:34,562","(10,10);(12,12)",10;12,0;0,"(-1,0);(4,7)",-0.5;5.5,-0.5,5.5,2.5,continuous;continuous,none;none,12934;12962,12935;12963,periodic;periodic,50;50,visible_wheel_dispatch.evidence_capture_frame_id;validated_against_follow_wheel_tick.capture_frame_id,explicitly_attributed_normal_dispatch
