episode,start,end,window_zero_ms,start_logline,first_window_zero_logline,capture_cap,decision_cap,zero_packet_count,whole_episode_zero_packet_count,first_cause,subsequent_amplification,previous_revision_coverage,current_revision_coverage,unconfirmed_or_keep,interpretation
1,2026-10-07T23:18:21.929+08:00,2026-10-07T23:18:23.047+08:00,726.698,3032,3194,197→217（窗口从205起）,192→196→198→202→205→209→213,8,14,shared_braking_momentum；原始1.5714m和反馈35/47RPM令前进失权,首制动后新请求16/25RPM连续被3次incomplete_lateral_publication挡住；反馈降零后多次execution_recovery输出0；23.047仅转向而23.290才恢复前进,覆盖转向策略发布不完整机制；不等于整段制动可删,修复原生零请求因旧样本到期反复零起步；新鲜近距离及双轮非负近静止反馈可独立给有界恢复步长,首制动需独立评估；CAP205实际-1/0轮尾仍不获近静止恢复步长；21.929至22.320302在窗口之外；全段1.118s但窗口仅726.698ms,历史实际轮包统计；机制覆盖不等于修后实车消除率；双零保持不等于车轮静止
2,2026-10-07T23:18:23.156+08:00,2026-10-07T23:18:23.290+08:00,134,3391,3391,220→222,213,1,1,final_authority_or_feedback_changed；终检明确visibility_expired,随后新有效授权仅8RPM恢复,暂时失权原因传递可能改善新证据恢复；没有取消视觉到期,没有新增本段特例,视觉凭据到期不能因深度尚新鲜便自动保持旧包,历史实际轮包统计；机制覆盖不等于修后实车消除率
3,2026-10-07T23:18:23.528+08:00,2026-10-07T23:18:23.645+08:00,117,3496,3496,227→228,220,1,1,incomplete_lateral_publication；转向清除留下旧策略版本,随后新深度恢复按低轮速限速,直接覆盖发布不完整导致独立前进清零机制,没有新增本段特例,具体减少117ms仍需完整时序或实车验证；不得由标签直接替换历史反馈,历史实际轮包统计；机制覆盖不等于修后实车消除率
4,2026-10-07T23:18:23.676+08:00,2026-10-07T23:18:23.831+08:00,155,3546,3546,228→233,223,2,2,continuation_feedback_invalid；本次实际反馈0/-4RPM而非简单过期,授权撤销后forward_loss_decelerating与missing_snapshot,原因传递已区分真正无效反馈与暂缺；不豁免该反馈,没有新增本段特例,反向反馈需保留保护；可能受此前零速影响但不可断言修首零后自动消失,历史实际轮包统计；机制覆盖不等于修后实车消除率
5,2026-10-07T23:18:24.182+08:00,2026-10-07T23:18:24.659+08:00,477,3704,3704,239→249,234,6,6,2.5m附近大裁切多帧确认导致有效深度断档和missing_snapshot,forward_loss_decelerating转cross_wait_zero并重复零包,原始深度锚点连续性修复直接针对该触发机制,没有新增本段特例,深度重新接受的完整发布时间与车体反馈会改变；不得将477ms全部直接记为消除,历史实际轮包统计；机制覆盖不等于修后实车消除率
6,2026-10-07T23:18:24.747+08:00,2026-10-07T23:18:25.014+08:00,267,3847,3847,250→255,243→246,2,2,新深度约2.91m但execution_recovery和零斜坡时间导致PI请求0,后一次FOLLOW_FINAL_AUTHORITY_CHANGED明确visibility_expired,暂时失权原因传递针对新独立授权的低速恢复；边界深度修复可能避免此前断档,没有新增本段特例,恢复步长需新鲜独立证据及合法反馈；本段后续视觉过期未直接取消,历史实际轮包统计；机制覆盖不等于修后实车消除率
7,2026-10-07T23:18:25.114+08:00,2026-10-07T23:18:25.173+08:00,59,3959,3959,257→258,253,1,1,explicit_zero与missing_snapshot；25.101已记录新40RPM授权而25.114完成旧零包,约59ms后才写新前进；旧计划读取时刻早于授权发布,此前短快照零重建未覆盖普通零计划最终获取串口锁的入口,新增普通requested_zero取得串口锁后缓存版本检查；用完整fake writer复现修前插零修后重新完整核验新前进,现场未记录双轮分别写入时刻；可确认实现漏洞和机制匹配但不能证明该59ms全部实车可消除,历史实际轮包统计；机制覆盖不等于修后实车消除率
8,2026-10-07T23:18:25.659+08:00,2026-10-07T23:18:25.800+08:00,141,4166,4166,267→270,263,1,1,publication_changed_at_terminal；同UID新深度在终检期间发布,重算机会耗尽后写零；约141ms后恢复120RPM,有界发布交接可重新核验上一条真实已执行轮包；仅最新证据仍独立允许原包才暂不发包,没有新增本段特例,必须核对当时轮包及新上限；此能力不是无限保持或保证本段消除,历史实际轮包统计；机制覆盖不等于修后实车消除率
9,2026-10-07T23:18:26.585+08:00,2026-10-07T23:18:26.970+08:00,385,4521,4521,285→292,282,4,4,新PI制动包络已为0；随后axes_changed_before_guard写FOLLOW20_AUTHORITY_CHANGED,三次cross_wait_zero延长零包段,前轮未删除独立制动包络；普通发布修复不能覆盖真实当前零上限,没有新增本段特例,停车模型需单独标定；不能按AUTHORITY_CHANGED标签把整段归为错误交接,历史实际轮包统计；机制覆盖不等于修后实车消除率
10,2026-10-07T23:18:27.015+08:00,2026-10-07T23:18:27.146+08:00,131,4640,4640,294→296,287,1,1,depth_initial_quiet_veto明确visibility_expired,前段制动后恢复74RPM又失去视觉凭据,暂时失权原因可改善后续新授权恢复；没有延长视觉期限,没有新增本段特例,需要新视觉有效证据而非保留旧视觉时钟,历史实际轮包统计；机制覆盖不等于修后实车消除率
11,2026-10-07T23:18:27.568+08:00,2026-10-07T23:18:28.065+08:00,497,4832,4832,304→313,297→305→309,6,6,lateral_depth_ineligible撤销旧授权；随后2.5m附近深度确认断档,missing_snapshot和forward_loss_decelerating重复；恢复仅16RPM,原始深度锚点及真实采样间隔修复针对确认断档；原因传递针对后续恢复,没有新增本段特例,首个lateral_depth_ineligible仅泛化原因；不可把整段497ms假定全由单一深度阈值导致,历史实际轮包统计；机制覆盖不等于修后实车消除率
12,2026-10-07T23:18:28.181+08:00,2026-10-07T23:18:28.505+08:00,324,5004,5004,316→322,309→后续新测距,3,3,旧授权已被lateral_zero_no_qualified_depth撤销；首包forward_loss_feedback_wait,第二包depth_published_during_snapshot；第三包explicit_zero,发布交接和恢复原因修复命中部分机制；不能保留此前已是零的轮包来声称前进连续,新增普通零commit竞态修复具通用覆盖但未证明本段具体触发,缺少终检完整快照；尚未确认本段修后可消除比例,历史实际轮包统计；机制覆盖不等于修后实车消除率
13,2026-10-07T23:18:28.826+08:00,2026-10-07T23:18:28.962+08:00,136,5204,5204,328→331,325,1,1,此前continuation_feedback_invalid撤销；新PI仅execution_recovery5RPM,旧零计划与新小前进请求交错；首零读取仍missing_snapshot,前轮原因分类故意不把invalid反馈当简单过期,普通零commit修复可能覆盖交错入口但未证明现场所有条件,首个无效反馈内容未在同一日志条完整记录；不能直接认定该零非法,历史实际轮包统计；机制覆盖不等于修后实车消除率
14,2026-10-07T23:18:29.027+08:00,2026-10-07T23:18:29.552+08:00,525,5271,5271,332→342,328→后续新测距,4,4,旧物理深度年龄258.2ms超过250ms而撤销；新授权19RPM恢复,随后continuation_limit:visibility_expired及cross_wait_zero,新鲜独立测距的恢复处理可改善放大；原物理与视觉期限仍保留,没有新增本段特例,真实过期零和后续交接必须拆开；不能整段标为可删,历史实际轮包统计；机制覆盖不等于修后实车消除率
15,2026-10-07T23:18:29.996+08:00,2026-10-07T23:18:30.129+08:00,133,5564,5564,351→353,346,1,1,FOLLOW_COMMIT_EVIDENCE_EXPIRED；此前new_axes_before_write与publication_changed_at_commit重算,三次规划总耗时191.52ms；最终具体失败字段未记录,普通短快照交接修复只覆盖满足独立快照条件的入口,本轮未对本段新增特例；日志不足以证明终检为纯发布变化,上一条实际基速78RPM而新授权52RPM；不能保持上一条绕过收紧上限,历史实际轮包统计；机制覆盖不等于修后实车消除率
16,2026-10-07T23:18:30.773+08:00,2026-10-07T23:18:31.113+08:00,340,5804,5804,365→373,359,4,4,shared_braking_momentum撤销且新PI制动包络0；axes_changed_before_guard随后写零,后续三次explicit_zero,前轮保留独立制动和真实停止原因,没有新增本段特例,制动上限为零时禁止用发布变化恢复正速；需单独模型与实测制动核对,历史实际轮包统计；机制覆盖不等于修后实车消除率
17,2026-10-07T23:18:31.160+08:00,2026-10-07T23:18:31.709+08:00,549,5921,5921,373→384,367→372→后续新测距,5,5,depth_initial_quiet_veto明确shared_braking_momentum,后续incomplete_lateral_publication；nonordinary_or_feedback_changed；最终missing_snapshot,覆盖中间发布不完整机制；不改变首制动和反馈保护,没有新增本段特例,多原因叠加；不能修中间一条便声称549ms全部消除,历史实际轮包统计；机制覆盖不等于修后实车消除率
18,2026-10-07T23:18:32.005+08:00,2026-10-07T23:18:32.162+08:00,157,6236,6236,388→392,385,1,1,incomplete_lateral_publication；当前独立深度允许正前进,恢复前存在157ms零指令保持,直接覆盖转向策略版本不完整导致前进清零机制,没有新增本段特例,机制回归通过不等于已测得157ms实车减少,历史实际轮包统计；机制覆盖不等于修后实车消除率
19,2026-10-07T23:18:32.299+08:00,2026-10-07T23:18:32.400+08:00,101,6315,6315,395→396,388,1,1,forward_authority_revoked；原样本到终检已跨250ms,新测距恢复仍按低实际轮速起步,独立新授权恢复可能改善后续速度；旧样本过期保护不变,没有新增本段特例,不能以较早日志225.4ms掩盖实际终检时已过期,历史实际轮包统计；机制覆盖不等于修后实车消除率
20,2026-10-07T23:18:32.449+08:00,2026-10-07T23:18:32.731+08:00,282,6366,6366,398→403,391→后续新测距,3,3,visibility_expired导致前进失权,第二包仍visibility_expired；第三包incomplete_lateral_publication,覆盖第三包发布不完整机制；新证据恢复原因可改善后继,没有新增本段特例,首两包真实视觉到期未取消；不能整段宣称清除,历史实际轮包统计；机制覆盖不等于修后实车消除率
21,2026-10-07T23:18:32.984+08:00,2026-10-07T23:18:33.152+08:00,168,6523,6523,407→411,400,1,1,真实视觉proof到期；新深度约153ms但视觉约388ms而非旧yaw覆盖新proof,停止排队后DRIVE写0；CAP408后续新视觉才恢复,前轮未放宽视觉证据有效期,没有新增本段特例,原proof采集12865.911667及期限12866.261667；需提升新证据接续不能盲目持有旧指令,历史实际轮包统计；机制覆盖不等于修后实车消除率
22,2026-10-07T23:18:33.507+08:00,2026-10-07T23:18:33.702+08:00,195,6690,6690,419→422,413,2,2,incomplete_lateral_publication,下一包明确visibility_expired并explicit_zero,覆盖首包发布不完整机制；不取消下一包视觉到期,没有新增本段特例,混合原因；195ms不能全部计为直接可删,历史实际轮包统计；机制覆盖不等于修后实车消除率
23,2026-10-07T23:18:33.940+08:00,2026-10-07T23:18:34.161+08:00,221,6802,6802,427→431,420,1,1,visibility_expired；旧深度约232.7ms尚在250ms但身份视觉凭据已到期,forward_loss_feedback_wait后恢复低速,暂时失权原因传递不等于旧授权继续有效,没有新增本段特例,距离已接近1.47m；不应为了去零强行恢复高前进,历史实际轮包统计；机制覆盖不等于修后实车消除率
24,2026-10-07T23:18:34.271+08:00,2026-10-07T23:18:34.374+08:00,103,6877,6877,431→435,424,1,1,前置visibility_expired撤销后missing_snapshot,新距离1.419m恢复请求仅2RPM,前轮未取消视觉过期与近目标距离控制,没有新增本段特例,已接近1.4m设定；不可用远处连续追赶标准直接删除,历史实际轮包统计；机制覆盖不等于修后实车消除率
25,2026-10-07T23:18:34.405+08:00,2026-10-07T23:18:34.530+08:00,125,6929,6929,435→437,428,2,2,约1.419m时原批准仅2RPM；后撤销授权并explicit_zero,近距离小前进与原地转向切换,前轮未扩大近距离恢复权限,没有新增本段特例,到位附近零不能统统计为错误；撤销的更细首因需新审计记录,历史实际轮包统计；机制覆盖不等于修后实车消除率
26,2026-10-07T23:18:34.776+08:00,2026-10-07T23:18:35.092+08:00,316,7047,7047,443→449,437,3,3,PI stationary；距离约1.413m已经落入保持范围且本身需求0,首标签COMMIT_EVIDENCE_EXPIRED后两次explicit_zero,前轮保留目标距离到位停车,没有新增本段特例,应保留纵向停车；不能因为零包标签包含expired就按错误交接处理,历史实际轮包统计；机制覆盖不等于修后实车消除率
27,2026-10-07T23:18:35.146+08:00,2026-10-07T23:18:35.225+08:00,79,7162,7162,450→451,446,1,1,距离约1.4106m；PI需求0；explicit_zero,无新增放大证据；后续主要为转向,前轮保留目标距离到位停车,没有新增本段特例,应保留纵向停车；双轮零减少本身不是跟随质量充分条件,历史实际轮包统计；机制覆盖不等于修后实车消除率
